"ID","Name","CountryCode","Phone","EmailId","EmailVerified","DOB","Gender","CreatedBy","CreationTime"
1054216,Rizkhan Rizvan,+974,+97477071087,rizkhanrizvan@gmail.com,Yes,1998-08-10 00:00:00.000,Male,MobileApp,2022-07-12 12:34:58.987
1054219,Joseph ,+974,+97433680751,jg.maina1@gmail.com,Yes,,N/A,MobileApp,2022-07-12 12:36:21.700
1054220,Salim Muli,+974,+97474770371,salimrojos4@gmail.com,No,1994-02-21 00:00:00.000,Male,MobileApp,2022-07-12 12:36:48.927
1054221,abdul,+974,+97431131996,abdulbasith70@yahoo.com,No,,N/A,MobileApp,2022-07-12 12:37:29.043
1054223,Angely,+974,+97455719548,angelymariedg@gmail.com,Yes,,N/A,MobileApp,2022-07-12 12:37:44.163
1054224,joane,+974,+97470379038,joanee.delacruz@yahoo.com,No,,N/A,MobileApp,2022-07-12 12:39:03.183
1054225,harishdang,+974,+97455201151,harish_dang@yahoo.com,No,,N/A,MobileApp,2022-07-12 12:40:53.803
1054226,Mustafa,+974,+97474711914,mustafa-a-07@hotmail.co.uk,No,,N/A,MobileApp,2022-07-12 12:41:00.383
1054227,ABSAN,+974,+97431279148,absansam97@gmail.com,No,,N/A,MobileApp,2022-07-12 12:41:12.487
1054228,Mohammed Imtiaz Haider,+974,+97430327414,imtiaz_haider@ymail.com,No,,N/A,MobileApp,2022-07-12 12:42:35.537
1054229,Barbara HENZEN ,+974,+97474070309,barbara.henzen@outlook.com,No,,N/A,MobileApp,2022-07-12 12:42:44.923
1054230,She,+974,+97433171025,,No,,N/A,MobileApp,2022-07-12 12:43:39.470
1054231,PADMANABAN,+974,+97433315342,rpn19802003@yahoo.co.in,No,,N/A,MobileApp,2022-07-12 12:44:14.440
1054232,Ajina irshad MN,+974,+97450961050,ajina.mn@gmail.com,No,,N/A,MobileApp,2022-07-12 12:44:54.687
1054233,Akbar Ali ,+974,+97430620350,bollywoodm21@gmail.com,No,,N/A,MobileApp,2022-07-12 12:45:34.443
1054235,Raj,+91,+919989271135,rajb4651@gmail.com,Yes,,N/A,MobileApp,2022-07-12 12:48:14.573
1054240,GREGORY DUPENT,+974,+97450039693,gdupent@outlook.fr,Yes,,N/A,MobileApp,2022-07-12 12:51:40.340
1054241,Sayen,+974,+97431322054,princeshanewaz74462@gmial.com,No,,N/A,MobileApp,2022-07-12 12:51:53.210
1054242,Frederick,+974,+97470125631,boyetdizon2004@yahoo.com,No,,N/A,MobileApp,2022-07-12 12:52:24.857
1054243,fathima,+974,+97431062218,fathimarshm@gmail.com,No,,N/A,MobileApp,2022-07-12 12:52:25.807
1054245,abdallah hamouda,+974,+97430201270,abdallahamouda448@gmail.com,No,,N/A,MobileApp,2022-07-12 12:53:07.980
1054249,Dianne,+974,+97470051984,mcs.jdumbing@gmail.com,No,,N/A,MobileApp,2022-07-12 12:54:27.007
1054250,afnan kadi,+966,+966576713219,afnansaad.k@gmail.com,No,,N/A,MobileApp,2022-07-12 12:54:43.020
1054251,Anees,+974,+97431226561,aneesrehman183@gmail.com,No,,N/A,MobileApp,2022-07-12 12:55:04.487
1054259,Faridah,+974,+97455788256,faridariga@yahoo.com.ph,No,,N/A,MobileApp,2022-07-12 12:59:56.203
76534,Munna,+974,+97455383370,munnabepari456@gmail.com,No,1900-01-01 00:00:00.000,N/A,MobileApp,2014-11-25 10:02:42.857
1054262,Seif Eddine ,+974,+97474776052,guemmazseifeddine@gmail.com,No,,N/A,MobileApp,2022-07-12 13:04:13.750
1054266,Subhajit,+974,+97430853762,subhajitkar160@gmail.com,No,,N/A,MobileApp,2022-07-12 13:06:11.877
1054267,ابمولبي,+974,+97477189964,,No,,N/A,MobileApp,2022-07-12 13:07:20.137
1054274,Mohammad Akhlaq ,+974,+97431565265,mdakhlaqbim001@gmail.com,No,,N/A,MobileApp,2022-07-12 13:10:49.110
1054278,Shepher Ali,+974,+97430942928,Alishakur67@gmail.com,No,,N/A,MobileApp,2022-07-12 13:15:24.913
1054282,Faisal ,+974,+97450555988,,No,,N/A,akhaled,2022-07-12 13:17:02.230
1054289,Andres,+974,+97433286491,afarroyavea@gmail.com,Yes,,N/A,MobileApp,2022-07-12 13:21:14.760
1054293,AyasMohammed,+974,+97470480001,ayasmukthar@gmail.com,No,,N/A,MobileApp,2022-07-12 13:23:32.720
1054295,anshif,+974,+97430891277,anshif0007@gmail.com,No,,N/A,MobileApp,2022-07-12 13:24:02.920
1054298,Jeffrey,+974,+97455164487,jeffreybastro25@gmail.com,Yes,,N/A,MobileApp,2022-07-12 13:25:02.277
1054302,El Abbassy,+974,+97477811469,elabbassyelmehdi15@gmail.com,No,,N/A,MobileApp,2022-07-12 13:27:43.067
1054304,Syed Wajhee,+974,+97430282484,"2617hyt@gmail.com",No,,N/A,MobileApp,2022-07-12 13:28:30.393
1054311,فرج,+974,+97455773017,qatar433@icloud.com,No,,N/A,MobileApp,2022-07-12 13:31:55.600
1054313,Abdullah,+974,+97477211805,abdullahalshaar1@gmail.com,No,,N/A,MobileApp,2022-07-12 13:31:57.800
1054317,Tanya,+974,+97455018443,tanyabakshi44@yahoo.com,No,,N/A,MobileApp,2022-07-12 13:34:06.010
1054319,Aswath,+974,+97455874410,aswathkg@gmail.com,Yes,,N/A,MobileApp,2022-07-12 13:35:27.377
1054324,MohammedTaher,+974,+97455953171,taherpasha385@Gmail.com,No,,N/A,MobileApp,2022-07-12 13:37:33.983
1054332,Dilip,+974,+97430029580,dillipmandal171@gmail.com,No,,N/A,MobileApp,2022-07-12 13:42:53.057
1054336,Mohammed Irshan Shariff,+974,+97433142208,smirshan@gmail.com,Yes,,N/A,MobileApp,2022-07-12 13:44:16.380
1054337,georgina,+974,+97430210443,georgina.fanianos@gmail.com,No,,N/A,MobileApp,2022-07-12 13:44:56.020
1054352,Yasir Anees,+974,+97433949564,yasiranees97@gmail.com,No,,N/A,MobileApp,2022-07-12 13:55:02.517
1054353,Ahmed Nasir,+974,+97433057310,ahmedrajwana61@gmail.com,No,,N/A,MobileApp,2022-07-12 13:55:05.787
1054354,Sudakarna,+974,+97466079450,,No,,Male,hsait,2022-07-12 13:55:18.060
1054356,Mr Hossain,+974,+97430354035,,No,,N/A,lgarcia,2022-07-12 13:55:41.007
1054365,Shimul,+974,+97450936555,shimulroy762@gmail.com,No,,N/A,MobileApp,2022-07-12 13:59:55.863
1054378,Jenuve Joshua,+974,+97450464864,jenuvejoshua_garrido@yahoo.com,No,,N/A,MobileApp,2022-07-12 14:09:05.657
105116,KASSANDRA,+974,+97455639413,kassandra.cazar@gmail.com,Yes,1900-01-01 00:00:00.000,N/A,MobileApp,2014-11-25 10:02:42.857
1054400,Selahadin ,+974,+97466445484,,No,,N/A,MobileApp,2022-07-12 14:23:12.693
1054406,May,+974,+97433210266,musliha.sata@gmail.com,No,,N/A,MobileApp,2022-07-12 14:29:10.680
1054415,Shamilpoovat,+974,+97433400279,shamilpoovadan@gmail.com,No,,N/A,MobileApp,2022-07-12 14:34:35.590
1054422,shaik Moise Baba ,+974,+97455208295,shaikmoiz01@gmail.com,Yes,,N/A,MobileApp,2022-07-12 14:38:10.827
1054430,Rola,+974,+97450282131,rrola1989@yahoo.com,Yes,,N/A,MobileApp,2022-07-12 14:43:38.063
1054437,Arnel Berroya,+974,+97430295157,nhel052382@gmail.com,No,,N/A,MobileApp,2022-07-12 14:47:49.487
1054439,Terry,+974,+97477517482,terance911@hotmail.com,No,,N/A,MobileApp,2022-07-12 14:48:52.493
1054442,GADDAHI MOHAMED,+974,+97433602870,gaddahimohamed@gmail.com,No,1982-08-07 00:00:00.000,Male,MobileApp,2022-07-12 14:50:52.853
1054448,Mohamed ,+974,+97477730054,engsawy_1986@yahoo.com,No,,N/A,MobileApp,2022-07-12 14:53:30.920
1054451,Van,+974,+97470900817,Evanyo2008@gmail.com,No,,N/A,MobileApp,2022-07-12 14:54:23.500
1054453,Sakib Daniel,+974,+97466203566,sakibdaniel3@gmail.com,Yes,,N/A,MobileApp,2022-07-12 14:55:01.967
1054454,Rowena,+974,+97433800177,,No,,N/A,MobileApp,2022-07-12 14:55:14.423
1054458,ABID,+974,+97433844234,abidaliansari2008@yahoo.com,No,,N/A,MobileApp,2022-07-12 15:00:48.847
1054459,Pradip Bhujel ,+974,+97474724510,,No,,N/A,MobileApp,2022-07-12 15:01:00.150
1054460,rafimohammed,+974,+97431676945,rafikunji@gmail.com,No,,N/A,MobileApp,2022-07-12 15:02:28.633
1054462,Alaa Taha,+974,+97455633413,alaataha442@hotmail.com,No,,N/A,MobileApp,2022-07-12 15:08:39.450
126939,عبدالله,+974,+97455859310,hdhdqatar3@icloud.com,Yes,1900-01-01 00:00:00.000,N/A,MobileApp,2014-11-25 10:02:42.857
1054464,Barry ,+974,+97430090883,abdoulayebbary92@gmail.com,No,,N/A,MobileApp,2022-07-12 15:11:30.013
1054465,Saiful,+974,+97450853372,saif.azhr@gmail.com,Yes,1987-12-27 00:00:00.000,Male,MobileApp,2022-07-12 15:12:28.140
1054466,Evelyn,+974,+97439991015,newestlook_emboy@yahoo.com,No,,N/A,MobileApp,2022-07-12 15:13:29.263
1054467,lovely,+974,+97430686357,lovelyfayep5@gmail.com,No,,N/A,MobileApp,2022-07-12 15:13:57.617
1054469,omar,+974,+97450559664,omar.laghmiche@gmail.com,Yes,,N/A,MobileApp,2022-07-12 15:15:59.693
1054470,Anshib,+974,+97470553993,anshib420@gmail.com,No,,N/A,MobileApp,2022-07-12 15:17:17.980
1054472,Imran,+974,+97455540735,imudubai@gmail.com,No,1984-02-09 00:00:00.000,Male,MobileApp,2022-07-12 15:18:16.817
1054473,Jain,+974,+97466501109,jainjaindavis@gmail.com,No,,N/A,MobileApp,2022-07-12 15:18:34.213
1054475,Bachittar Singh,+974,+97474451322,bachittar366@gmail.com,No,,N/A,MobileApp,2022-07-12 15:18:59.780
1054477,Kimani Kevin,+974,+97433780843,kimanikev85@yahoo.com,No,,N/A,MobileApp,2022-07-12 15:20:49.040
70980,Ferjani,+974,+97455316966,ferjani-med@hotmail.com,Yes,1900-01-01 00:00:00.000,Male,MobileApp,2014-11-25 10:02:42.857
1054478,Rey,+974,+97466448758,rayselarom@gmail.com,Yes,1992-11-12 00:00:00.000,Male,MobileApp,2022-07-12 15:27:16.767
1054479,MOHAMMAD WASIM ,+974,+97430270833,mailwasim72@gmail.com,No,,N/A,MobileApp,2022-07-12 15:29:18.030
1054482,Mohan Baddi,+974,+97466453117,mohanshanu55@gmail.com,No,,Male,MobileApp,2022-07-12 15:31:25.680
1054483,Ashok,+974,+97477959527,harisasi09@gmail.com,Yes,,N/A,MobileApp,2022-07-12 15:31:31.807
1054484,Mohamed,+974,+97455422055,mohd_almaghribi@yahoo.com,No,,N/A,MobileApp,2022-07-12 15:37:51.213
1054485,eyaaz,+974,+97455545942,eyaaz1@gmail.com,No,,N/A,MAbbes,2022-07-12 15:41:20.287
134492,Ayesha,+974,+97455943435,ayesha.zahid_77@yahoo.com,Yes,1900-01-01 00:00:00.000,N/A,MobileApp,2014-11-25 10:02:42.857
1054486,Hamza,+974,+97431019724,hamza25062007@gmail.com,No,,N/A,MobileApp,2022-07-12 15:42:01.543
1054487,Linda Andeka,+974,+97450429135,lindaandeka54@gmail.com,No,,N/A,MobileApp,2022-07-12 15:42:57.573
1054488,Shilmy,+974,+97455493898,shilmy100@gmail.com,No,,N/A,MobileApp,2022-07-12 15:44:14.543
1054489,Mohamed ,+974,+97450314666,m.hero.samy@gmail.com,No,,N/A,MobileApp,2022-07-12 15:45:04.363
1054490,Shadab Ashraf,+974,+97430115692,shadablatif@gmail.com,No,,N/A,MobileApp,2022-07-12 15:45:11.457
1054491,Sangharsh Rai,+974,+97474721476,raiiktaa@gmail.com,No,,N/A,MobileApp,2022-07-12 15:49:17.223
1054492,adrianne,+974,+97450904366,bandocadrianne@gmail.com,Yes,,N/A,MobileApp,2022-07-12 15:52:29.043
1054493,MD SHADAB ALAM,+974,+97477731790,asian.aircon869@gmail.com,No,,N/A,MobileApp,2022-07-12 15:53:42.690
1054494,hudashafi,+974,+97439990005,huda_shafi@yahoo.com,No,,N/A,MobileApp,2022-07-12 15:55:34.143
1054495,Nilly Deliverio ,+974,+97474734922,deliverionilly@gmail.com,No,,N/A,MobileApp,2022-07-12 16:01:54.757
1054496,naif,+974,+97455762847,naif.alhamlan.q8@gmail.com,Yes,,N/A,MobileApp,2022-07-12 16:09:57.993
1054497,Imran Jutt,+974,+97470961125,imranjutt732@gmail.com,No,,N/A,MobileApp,2022-07-12 16:10:37.307
1054498, rizk  genedi,+974,+97470373564,rizkgenedi@gmail.com,No,,N/A,MobileApp,2022-07-12 16:11:28.250
1054499,Aswin Santhosh ,+974,+97477669042,askannan66@gmail.com,No,,N/A,MobileApp,2022-07-12 16:13:40.500
1054500,Sultan Abu Naser,+974,+97450853385,sultanabunaser2022@gmail.com,No,,N/A,MobileApp,2022-07-12 16:14:26.823
1054501,abdeljabbar ,+974,+97455362990,,No,,N/A,MAbbes,2022-07-12 16:14:33.983
111379,Riyas,+974,+97455721245,ssafnas564@gmail.com,No,1900-01-01 00:00:00.000,Male,MobileApp,2014-11-25 10:02:42.857
1054502,sonet,+974,+97430618985,sonetvincent.a@gmail.com,No,,N/A,MobileApp,2022-07-12 16:19:43.243
1054504,fatima,+974,+97455981615,fas765@live.com,No,,N/A,MobileApp,2022-07-12 16:22:26.840
1054505,alfa moh,+974,+97433994937,alfamoh15@gmail.com,No,,N/A,MobileApp,2022-07-12 16:24:47.207
1054508,Rafi,+974,+97430215361,Rafikk4111@gmail.com,No,1996-10-20 00:00:00.000,Male,MobileApp,2022-07-12 16:30:35.727
1054509,Besto Joy,+974,+97477752084,bestojoyo@gmail.com,Yes,,N/A,MobileApp,2022-07-12 16:31:34.230
1054510,Raiham rasheed,+974,+97466451943,vhjasir@gmail.com,No,,N/A,MobileApp,2022-07-12 16:35:27.463
1054511,Martin,+49,+491726502600,martin.anstadt@gmx.de,Yes,,N/A,MobileApp,2022-07-12 16:36:44.273
1054512,vishaksuku,+974,+97430825720,vishakhsuku480@gmail.com,No,,N/A,MobileApp,2022-07-12 16:39:44.417
1054513,mohamed,+974,+97470334523,rabeehvp27@gmail.com,No,,N/A,MobileApp,2022-07-12 16:43:15.860
1054514,Melvin,+974,+97450280287,,No,,N/A,MobileApp,2022-07-12 16:44:44.183
1054515,Darlyn ,+974,+97455436777,darlynbalacuit17@yahoo.com,Yes,1997-01-16 00:00:00.000,Female,MobileApp,2022-07-12 16:52:57.900
1054516,Ali ,+974,+97430506699,asataliqtr786@gmail.com,No,,N/A,MobileApp,2022-07-12 16:58:39.720
1054517,Sallu Khan,+974,+97477438549,sallukhan993344@gmail.com,No,,N/A,MobileApp,2022-07-12 16:58:41.907
1054518,Shamseer,+974,+97455451885,shamseer1616@gmail.com,No,,N/A,MobileApp,2022-07-12 17:02:02.537
1054519,kathleen,+974,+97466626744,kathleenjavar1987@gmail.com,No,,N/A,MobileApp,2022-07-12 17:02:16.577
1054522,shuaa,+974,+97455961195,al-jaaazi@hotmail.com,No,,N/A,MobileApp,2022-07-12 17:04:28.033
7423,Alwi Al-Juneid,+974,+97433343910,aljuneid@gmail.com,Yes,1900-01-01 00:00:00.000,Male,MobileApp,2014-11-25 10:02:42.857
1054523,samia,+974,+97455090088,soim91@hotmail.com,Yes,,N/A,MobileApp,2022-07-12 17:05:50.670
1054524,kittlbach,+974,+97455788508,,No,,N/A,MAbbes,2022-07-12 17:06:02.020
1054525,haroon,+974,+97477169691,harooneyp@gmail.com,Yes,2001-02-01 00:00:00.000,N/A,mjallouli,2022-07-12 17:07:38.003
1054526,Dipendra Kumar Mahato,+974,+97431557215,dipendra.mahato2050@gmail.com,Yes,,N/A,MobileApp,2022-07-12 17:08:30.293
1054527,Radwa Fawzy,+974,+97450897802,radwa2art@gmail.com,No,,N/A,MobileApp,2022-07-12 17:10:27.180
1054528,Aman kumar,+974,+97431643116,ak0666657@gmail.com,No,,N/A,MobileApp,2022-07-12 17:11:19.470
1054529,سحر السيلاوي,+974,+97470209754,saharalsilawi001@gmail.com,No,,N/A,MobileApp,2022-07-12 17:16:01.193
1054530,Jonathan,+974,+97450587373,jonathan_atuel@yahoo.com,No,,N/A,MobileApp,2022-07-12 17:16:13.437
1054533,omar,+974,+97431356332,omaralmane1998@gmail.com,No,,N/A,MobileApp,2022-07-12 17:18:20.313
58528,Saad,+974,+97455080022,S3dd@hotmail.com,Yes,1900-01-01 00:00:00.000,N/A,MobileApp,2014-11-25 10:02:42.857
1054534,Shahanas ,+974,+97450274383,shahanasqtr@gmail.com,Yes,,N/A,MobileApp,2022-07-12 17:20:45.193
1054535, AK Kamal,+974,+97470993513,jmjibonmall553@gmail.com,Yes,1994-08-25 00:00:00.000,Male,MobileApp,2022-07-12 17:21:31.303
1054536,Muhammad,+974,+97470069373,shoaibmuhammad763@gmail.com,Yes,1995-05-21 00:00:00.000,Male,MobileApp,2022-07-12 17:24:51.073
1054538,novelyn solaina,+974,+97433932559,nsolaina@gmail.com,No,,N/A,MobileApp,2022-07-12 17:27:21.797
1054539,Hardik,+974,+97470828169,hrdk.gandhi@gmail.com,Yes,,N/A,MobileApp,2022-07-12 17:29:08.437
1054540,Sagal,+974,+97455752065,maryan1999@outlook.com,Yes,1996-12-23 00:00:00.000,Female,MobileApp,2022-07-12 17:31:55.810
1054541,Sange,+974,+97470045596,sange.gurung2000@gmail.com,No,,N/A,MobileApp,2022-07-12 17:32:24.687
1054542,donalyn,+974,+97430695251,"1990donalynmilan@gmail.com",No,,N/A,MobileApp,2022-07-12 17:36:24.407
1054543,Mohammed Badruddin,+974,+97466322073,badru025@gmail.com,No,,N/A,MobileApp,2022-07-12 17:39:49.520
1054544,ahlam,+974,+97470510171,kad20050961@gmail.com,No,,N/A,MobileApp,2022-07-12 17:39:55.430
1054545,TANUI SOLOMON,+974,+97477550667,tanuisolomon8@gmail.com,Yes,,N/A,MobileApp,2022-07-12 17:39:56.387
1054548,yousr,+974,+97466430856,Yousr608@gmail.com,Yes,,N/A,MobileApp,2022-07-12 17:43:21.683
1054549,Zeshan,+974,+97477779044,zeshnasir@gmail.com,No,,N/A,MobileApp,2022-07-12 17:44:02.527
1054550,Jam Llosala,+974,+97430683455,jamllosala1@gmail.com,No,,N/A,MobileApp,2022-07-12 17:49:51.503
1054551,Nahid Mehmood ,+974,+97466069784,nahid.mahmood150@gmail.com,No,,N/A,MobileApp,2022-07-12 17:49:53.533
1054552,Eric,+974,+97433755532,eric.revsbech@me.com,No,,N/A,MobileApp,2022-07-12 17:52:17.390
1054554,Esther,+974,+97450731859,essymuturi9@gmail.com,No,,N/A,MobileApp,2022-07-12 17:53:49.853
1054556,Madhuri,+974,+97455336304,,No,,N/A,MobileApp,2022-07-12 17:57:53.890
1054557,mohamad,+974,+97455060119,sayed-mohamad@hotmail.com,Yes,,N/A,MobileApp,2022-07-12 17:57:53.973
1054558,Justin Detterline ,+974,+97477469161,justin.detterline@gmail.com ,No,,N/A,MobileApp,2022-07-12 17:58:56.610
1054559,Satyanarayana Bonakala ,+974,+97466581828,satyanarayanabonakala@gmail.com,Yes,,Male,MobileApp,2022-07-12 17:59:43.000
1054560,ashar,+974,+97450551109,asharfathima12345@gmail.com,No,,N/A,MobileApp,2022-07-12 18:00:01.773
1054563,Priyanka,+974,+97455935712,sain.priyanka391@gmail.com,Yes,,N/A,MobileApp,2022-07-12 18:03:34.933
153806,Maya,+974,+97466624805,maya.omran@ymail.com,Yes,1900-01-01 00:00:00.000,N/A,MobileApp,2014-11-25 10:02:42.857
1054566,Zainul ,+974,+97433518051,abedinmirza70@gmail.com,No,,N/A,MobileApp,2022-07-12 18:04:49.717
1054567,Nazia,+974,+97455683261,drnaziasadath@gmail.com,No,,N/A,MobileApp,2022-07-12 18:10:02.693
963216,Björn,+49,+491739402821,bjoern@krallis.de,Yes,,N/A,MobileApp,2021-11-30 06:11:20.763
963217,shaimaa,+974,+97450818080,Shkh996@gmail.com,No,,N/A,MobileApp,2021-11-30 06:21:23.390
963218,Mary GRACE,+974,+97466768058,graceyabsin@gmail.com,No,,N/A,MobileApp,2021-11-30 06:25:36.397
963219,Shahina,+974,+97455054482,shahinakassim@gmail.com,No,,N/A,MobileApp,2021-11-30 06:25:51.553
963221,Niroz,+974,+97477021586,,No,,N/A,jabubacker,2021-11-30 06:39:04.413
963223,Fely Romero,+974,+97430850418,,No,,N/A,MobileApp,2021-11-30 06:45:35.190
963224,Maha Fatima,+974,+97431178227,maha_fatima.rt@hotmail.com,No,,N/A,MobileApp,2021-11-30 06:51:05.123
963225,Karam,+974,+97466892110,,No,,N/A,akhalid,2021-11-30 07:12:22.667
211064,Naomi,+974,+97455235648,"",No,1900-01-01 00:00:00.000,N/A,MobileApp,2015-07-21 20:56:22.473
963226,Luk.senchuri ,+974,+97455389803,bkluk956@gmail.com,No,,N/A,MobileApp,2021-11-30 07:15:15.450
963227,Risath,+974,+97433063114,mmrisath@gmail.com,Yes,1987-07-22 00:00:00.000,Male,MobileApp,2021-11-30 07:20:19.237
963228,Torna,+974,+97430097848,tornalimbu4@gmail.com,No,,N/A,MobileApp,2021-11-30 07:22:17.910
963229,mohammad,+974,+97477587776,akk889k@icloud.com,No,,N/A,MobileApp,2021-11-30 07:27:47.383
963230,Raju,+974,+97470540636,rajujose322016@gmail.com,No,,N/A,MobileApp,2021-11-30 07:30:45.343
963231,Aman,+974,+97455990779,amansalim86@yahoo.com,No,,N/A,MobileApp,2021-11-30 07:31:18.463
963232,Ashirola ,+974,+97466001793,xtian.rollah@gmail.com,No,,N/A,MobileApp,2021-11-30 07:34:30.143
963234,Mafahim,+974,+97477323696,mafahimmohamed08@gmail.com,No,,N/A,MobileApp,2021-11-30 07:44:21.013
963235,أنور ابوبكر,+974,+97455454184,anwarabubker6@gmail.com,No,,N/A,MobileApp,2021-11-30 07:50:52.440
963236,Lilanie,+974,+97470758836,lilanie.dewet@hotmail.com,Yes,,N/A,MobileApp,2021-11-30 08:04:57.053
963237,Hashmi Nizam,+974,+97455704007,hashminizam@hotmail.com,No,,N/A,MobileApp,2021-11-30 08:06:16.303
963238,naghamkanaan,+974,+97433097960,naghamcanaan@gmail.com,Yes,,N/A,MobileApp,2021-11-30 08:07:04.130
963239,Khadija,+974,+97430682381,,No,,N/A,nabdelrahman,2021-11-30 08:09:06.477
963240,Phil,+1,+16603514737,phillip.scott586@gmail.com,Yes,,N/A,MobileApp,2021-11-30 08:09:17.523
963241,Nebat,+974,+97431551114,nebattaju1@gmail.com,No,,N/A,MobileApp,2021-11-30 08:13:41.167
963242,Marimuthu ,+974,+97470565859,marisanjay_ss@yahoo.co.in,No,,N/A,MobileApp,2021-11-30 08:16:01.070
963243,Tom Mcdonald ,+974,+97430638300,tomtom696998@gmail.com,Yes,,N/A,MobileApp,2021-11-30 08:16:56.593
963244,hekmaat mahfooz,+974,+97444447082,,No,,N/A,nabdelrahman,2021-11-30 08:23:48.233
73456,Aliona ,+974,+97455288752,aliona.berdilo@gmail.com,No,1900-01-01 00:00:00.000,N/A,MobileApp,2014-11-25 10:02:42.857
963245,Mr Mohamad Rizwan,+974,+97474794283,,No,,N/A,lgarcia,2021-11-30 08:29:38.970
963246,Teresita,+974,+97433408212,,No,,N/A,MobileApp,2021-11-30 08:33:56.563
963247,IAN ,+974,+97433560368,ianbarongo4@gmail.com,No,,N/A,MobileApp,2021-11-30 08:37:43.787
963248,asif ali,+974,+97466024011,ahmedasifali4@gmail.com,No,,N/A,MobileApp,2021-11-30 08:38:52.130
963249,Ayhan Yılmazer,+974,+97470124927,ayhanyilmazer878@gmail.com,No,,N/A,MobileApp,2021-11-30 08:49:49.380
963250,Renny,+974,+97470229153,mail2renim@gmail.com,Yes,,N/A,MobileApp,2021-11-30 08:53:42.620
963251,Shabri,+974,+97466711103,shabri_fatha@yahoo.com,No,,N/A,MobileApp,2021-11-30 08:56:56.957
963252,Kavitha,+974,+97455249136,kavi4680@gmail.com,No,,N/A,MobileApp,2021-11-30 09:08:01.133
963255,Wesley Kipkoech,+974,+97466806432,,No,,N/A,MobileApp,2021-11-30 09:18:38.350
963257,Fakhri El Youssef,+974,+97477344851,fakhri.elyoussef@gmail.com,No,,N/A,MobileApp,2021-11-30 09:32:22.003
963258,mourad,+974,+97477297035,mouradbset@hotmail.com,No,,N/A,MobileApp,2021-11-30 09:38:29.510
963259,Hussein,+974,+97477641189,huss.gawish@gmail.com,Yes,,N/A,MobileApp,2021-11-30 09:38:35.130
963260,faheem,+974,+97433145308,faheemgaibi@gmail.com,No,,N/A,MobileApp,2021-11-30 09:41:19.250
963261,Muzammil,+974,+97450147975,er.muzammil75@gmail.com,No,,N/A,MobileApp,2021-11-30 09:53:09.557
963262,Nicolas,+974,+97466929611,nfagard@hbs.tv,No,,N/A,MobileApp,2021-11-30 09:53:20.653
963263,Leigh,+974,+97430254432,hollyrichardson93@hotmail.co.uk,Yes,,N/A,MobileApp,2021-11-30 09:55:48.973
963264,HAMEEM ,+974,+97430916633,mech.hameem@gmail.com,No,,N/A,MobileApp,2021-11-30 09:56:23.333
963265,Mahmoud ,+974,+97455718119,"31630442@students.liu.edu.lb",Yes,,N/A,MobileApp,2021-11-30 10:03:24.603
963266,أيمن القاضي,+974,+97455645779,aymanalqadi132@gmail.com,No,,N/A,MobileApp,2021-11-30 10:07:16.643
963267,ام ياسمين ,+974,+97455715417,,No,,N/A,MobileApp,2021-11-30 10:27:44.463
963268,Ivan Mascarenhas,+974,+97455438864,ivanmascarenhas38@gmail.com,No,,N/A,MobileApp,2021-11-30 10:30:21.690
751029,Dayanara,+974,+97477271210,dayanapabrua1994@gmail.com,No,,N/A,MobileApp,2019-07-09 13:08:23.687
751030,Ahmad ,+974,+97470093100,,No,,N/A,lgarcia,2019-07-09 13:09:16.920
751031,nawal ,+66,+6666238644,,No,,N/A,nabdelrahman,2019-07-09 13:11:30.527
751032,Simona,+39,+393281315975,simonaporteri@hotmail.it,No,,N/A,MobileApp,2019-07-09 13:17:57.570
751033,Shubhi,+974,+97470503435,niruarora123@gmail.com,No,,N/A,MobileApp,2019-07-09 13:25:15.823
751034,Yousef ,+974,+97455131538,,No,,N/A,amohammed,2019-07-09 13:26:49.153
751035,Al Al Deen,+974,+97470289902,,No,,N/A,jabubacker,2019-07-09 13:26:57.627
751036,Ahmed,+974,+97470708871,ahmedabdalmn3m87@gmail.com,No,,N/A,MobileApp,2019-07-09 13:35:02.707
751037,Vibhavari ,+974,+97450646460,vcsoni1974@gmail.com,No,,N/A,MobileApp,2019-07-09 13:36:26.390
751038,Salve,+974,+97466414382,salve20flores@gmail.com,No,,N/A,MobileApp,2019-07-09 13:41:08.030
751039,Kashif Awan,+974,+97470058692,kashifhassanawan@yahoo.com,No,,N/A,MobileApp,2019-07-09 13:41:08.810
751040,Stacy Ray,+974,+97477972603,deborahmaina25@gmail.com,No,,N/A,MobileApp,2019-07-09 13:43:56.373
751041,Muzammel ,+974,+97470463011,,No,,N/A,MobileApp,2019-07-09 13:51:30.107
751042,mohamed fared,,+97430960036,mohamed_far2222@yahoo.com,No,,N/A,MobileApp,2019-07-09 13:56:10.500
751043,Aditya Kashalkar,+974,+97430173220,,No,,N/A,MobileApp,2019-07-09 14:02:14.207
751044,sherin fatim,+974,+97430770990,shero.maremba2014@gmail.com,No,,N/A,MobileApp,2019-07-09 14:02:55.133
751045,Islam,+974,+97466556987,swapnamemc@gmail.com,No,,Male,MobileApp,2019-07-09 14:03:06.667
751046,Susan,+974,+97466592621,,No,,N/A,MobileApp,2019-07-09 14:08:27.537
751047,Satyawan,+974,+97431560775,,No,,N/A,lgarcia,2019-07-09 14:15:33.293
751048,Ahmed Ismail,+974,+97450400954,,No,,N/A,MobileApp,2019-07-09 14:18:23.583
751049,Osama ,+974,+97433360360,,No,,N/A,abakry,2019-07-09 14:21:19.567
751050,Mamoon,+974,+97433699824,mohamedmamoonh@gmail.com,No,,N/A,MobileApp,2019-07-09 14:21:50.403
751051,Sumon Khan,+974,+97433933571,,No,,N/A,MobileApp,2019-07-09 14:24:27.610
751052,Rangie V Romasoc,+974,+97477538412,r142430@yahoo.com,No,,N/A,MobileApp,2019-07-09 14:27:23.760
209466,Shady Yaseen,+974,+97466070102,yasin7799@yahoo.com,No,1900-01-01 00:00:00.000,N/A,MobileApp,2015-07-04 16:02:06.497
751053,Nezha,+974,+97466164221,,No,,N/A,MobileApp,2019-07-09 14:33:13.920
751054,lolw,+974,+97455835873,,No,,N/A,amohammed,2019-07-09 14:33:42.263
751055,Dil Naomi,+974,+97450077232,dilini77777@gmail.com,Yes,,N/A,MobileApp,2019-07-09 14:38:01.987
751056,Bincy,+974,+97470380522,bincyvarghese00@gmail.com,Yes,,N/A,MobileApp,2019-07-09 14:40:43.987
751057,Noelle,+353,+353871183933,,No,,N/A,MobileApp,2019-07-09 14:41:11.500
751058,hamed margni,+974,+97455564386,,No,,Male,amohammed,2019-07-09 14:45:08.717
751059,Rafi,+974,+97477726978,rafi.raaz51@gmail.com,No,,N/A,MobileApp,2019-07-09 14:51:52.627
751060,sherin p,+974,+97477017444,sherinpr7@gmail.com,Yes,,N/A,MobileApp,2019-07-09 14:53:29.417
751061,Imran Khan,+974,+97431481178,imran.214023@gmail.com,Yes,,N/A,MobileApp,2019-07-09 14:55:20.523
751062,Lisa Guino-o,+974,+97470220208,patani@yahoo.com,No,,N/A,MobileApp,2019-07-09 15:00:51.253
785675,Mahesh Kumar Sah,+974,+97431043064,maheshshah8527@gmail.com,No,,N/A,MobileApp,2019-11-10 01:31:12.423
785676,Mohamed,+974,+97433449080,,No,,N/A,akhalid,2019-11-10 01:43:44.020
785677,Faris,+974,+97474775731,,No,,N/A,MobileApp,2019-11-10 02:36:07.337
785678,Amir Shekh,+974,+97431660748,hs605698@gmail.com,No,,N/A,MobileApp,2019-11-10 03:11:02.703
785679,Hamza,+20,+201200434907,lilsquart@icloud.com,No,,N/A,MobileApp,2019-11-10 03:37:32.103
785681,Abbas,+974,+97431056362,abassattalla1994@gmail.com,No,,N/A,MobileApp,2019-11-10 03:46:47.973
785682,Sheethulal Cp ,+974,+97466507364,sheethu69@gmail.com,No,,N/A,MobileApp,2019-11-10 03:56:29.603
785684,Amal Roy,+974,+97450583835,search4amal@gmail.com,No,,N/A,MobileApp,2019-11-10 04:38:37.593
785686,Sriram Prabhakar,+974,+97466296270,haahaai@gmail.com,Yes,,N/A,MobileApp,2019-11-10 05:10:14.763
785687,Liby,+974,+97470629140,libymalu.v@gmail.com,No,,N/A,MobileApp,2019-11-10 05:35:39.603
785688,Mohammed shahab ,+974,+97466124401,,No,,N/A,homar,2019-11-10 05:41:27.243
785689,MD Ali,+974,+97431545344,ali948722@gmail.com,No,,N/A,MobileApp,2019-11-10 05:41:32.400
182605,Shameer,+974,+97477208666,urownshami@gmail.com,Yes,1991-11-18 00:00:00.000,N/A,MobileApp,2014-11-25 10:02:42.857
785690,Bart,+974,+97433885726,hilhorst@fireflybay.com,No,,N/A,MobileApp,2019-11-10 05:53:42.533
97791,Khalil Alsaffar,+974,+97455556322,kialsaffar@gmail.com,Yes,1900-01-01 00:00:00.000,N/A,MobileApp,2014-11-25 10:02:42.857
785691,Douglus Karwa driver,+974,+97431274981,,No,,N/A,jabubacker,2019-11-10 06:07:35.373
785692,MD TAMIM MIA,+974,+97430655439,mdtamimmia66@gmail.com,No,,N/A,MobileApp,2019-11-10 06:08:26.613
785693,Mohamed Kaleej,+974,+97470988060,mimkaleej@gmail.com,Yes,1984-10-02 00:00:00.000,Male,MobileApp,2019-11-10 06:25:12.780
785694,Khalil,+974,+97455408851,khalil.let@gmail.com,Yes,1983-08-08 00:00:00.000,Male,MobileApp,2019-11-10 06:29:43.323
785695,Sayeed Shaheen,+974,+97431172695,sayshaumariya@gmail.com,No,,N/A,MobileApp,2019-11-10 06:30:24.280
785696,Sheila Diaz,+974,+97466867039,sheilajasmine2626@gmail.com,No,,N/A,MobileApp,2019-11-10 06:31:48.720
785697,Richard,+974,+97466183345,Richyap09@hotmail.com,Yes,2001-02-01 00:00:00.000,N/A,MobileApp,2019-11-10 06:31:54.257
785698,Rati,+974,+97470677739,rati.kaurbhatia@gmail.com,No,,N/A,MobileApp,2019-11-10 06:32:38.143
785699,Troy ,+974,+97466560814,troyfay911@gmail.com,No,,N/A,MobileApp,2019-11-10 06:36:24.560
785700,Rolenia Fordan,+974,+97431164496,roleniafordan@gmail.com,No,,N/A,MobileApp,2019-11-10 06:48:40.927
785701,Emna,+974,+97477319006,,No,,N/A,MobileApp,2019-11-10 06:48:58.857
785703,Aldrin Pineda,+974,+97450342733,ald_pin@yahoo.com,Yes,1977-04-21 00:00:00.000,Male,MobileApp,2019-11-10 06:57:29.637
785704,Hicham Dh,+974,+97455306101,hicham7756@gmail.com,Yes,,N/A,MobileApp,2019-11-10 07:03:51.610
785705,Mohammed rafeeq,+974,+97466059786,,No,,N/A,jabubacker,2019-11-10 07:05:36.570
963269,المقداد حيدر ,+974,+97433550567,zora7911@gmail.com,No,,N/A,MobileApp,2021-11-30 10:31:03.833
963271,abyreyes,+974,+97433232379,abyreyes0021@gmail.com,No,,N/A,MobileApp,2021-11-30 10:34:10.977
963272,Donna Torculas,+974,+97470323076,madonnatorculas08@gmail.com,No,,N/A,MobileApp,2021-11-30 10:34:14.967
963273,Ummer Kutty,+974,+97433211954,ummerkutty.kutty1@gmail.com,No,,N/A,MobileApp,2021-11-30 10:34:35.630
963274,sayoojprasad,+974,+97455492736,sayoojprasadmm@gmail.com,No,,N/A,MobileApp,2021-11-30 10:36:48.187
963275,جمال,+974,+97455539066,jamalsaffaf@gmail.com,No,,N/A,MobileApp,2021-11-30 10:40:31.597
963276,Rafi,+974,+97433235045,rafee024@gmail.com,No,,N/A,MobileApp,2021-11-30 10:47:21.877
963277,Mwinyihaji ,+974,+97466930298,hajimwinyi235@gmail.com,Yes,,N/A,MobileApp,2021-11-30 10:51:13.067
963278,Mohamed Reda Belaziz,+974,+97455689547,mohamedreda.belaziz@aiesec.net,Yes,,N/A,MobileApp,2021-11-30 10:51:37.333
963279,StephenChallis,+44,+447711858188,schallis@msn.com,Yes,,N/A,MobileApp,2021-11-30 10:55:21.700
963280,Janice,+974,+97450251353,jwdangeles@gmail.com,No,,N/A,MobileApp,2021-11-30 10:58:24.567
963281,akrem ,+974,+97455211459,,No,,N/A,MAbbes,2021-11-30 11:03:25.710
963282,Roudani Salim ,+974,+97430867789,slimroudani@gmail.com,No,,N/A,MobileApp,2021-11-30 11:15:00.467
963283,Sagar,+974,+97455542396,sagar061095@gmail.com,Yes,1995-10-06 00:00:00.000,Male,MobileApp,2021-11-30 11:16:19.313
963284,Fredrick ,+974,+97455713099,mwangi127@gmail.com,Yes,,N/A,MobileApp,2021-11-30 11:18:19.570
963285,Ali,+974,+97433227595,ali36522@yahoo.com,No,,N/A,MobileApp,2021-11-30 11:18:46.043
963286,Ashima,+974,+97450148714,moash89@gmail.com,No,,N/A,MobileApp,2021-11-30 11:19:51.537
963287,Brittany ,+974,+97466171514,brittany-j-h@hotmail.com,Yes,,N/A,MobileApp,2021-11-30 11:20:37.040
963288,Mike,+974,+97455703833,mands.adye@gmail.com,Yes,,N/A,MobileApp,2021-11-30 11:21:41.303
963289,shifna,+974,+97450094665,shifnazain77@gmail.com,No,,N/A,MobileApp,2021-11-30 11:26:19.650
963292,Mohammed Abdelfttah Mustafa,+974,+97466556070,abedulfttah@gmail.com,Yes,,N/A,MobileApp,2021-11-30 11:34:28.603
963293,Tigie,+974,+97477764802,Santigisesay7167@gmail.com,No,,N/A,MobileApp,2021-11-30 11:38:30.613
963295,Musharraf ,+974,+97430965685,msmrayees926@gmail.com,No,,N/A,MobileApp,2021-11-30 11:40:10.657
963324,ZaidounOtoom,+974,+97455302286,otoomzaidoun@gmail.com,Yes,1973-01-11 00:00:00.000,Male,MobileApp,2021-11-30 13:01:53.610
963325,sarah,+974,+97431102754,sarahaladeem@hotmail.com,No,,N/A,MobileApp,2021-11-30 13:08:29.710
963326,Nisania,+974,+97470071876,nisaniajohn@gmail.com,No,,N/A,MobileApp,2021-11-30 13:11:45.810
963327,Terakado Daisuke,+81,+818093498575,daisuke.terakado@jfa.or.jp,Yes,1974-07-12 00:00:00.000,Male,MobileApp,2021-11-30 13:15:59.277
963328,DiegoMartins,+974,+97433451795,diegormart@gmail.com,Yes,,N/A,MobileApp,2021-11-30 13:25:32.633
963329,Kapilan,+974,+97430801944,t.kapilan333@gamil.com,No,,N/A,MobileApp,2021-11-30 13:26:39.657
963331,Uliana,+974,+97455667658,nirala024@gmail.com,No,,N/A,MobileApp,2021-11-30 13:31:31.900
963333,Varghese,+974,+97470234710,varghesejos@outlook.com,No,,N/A,MobileApp,2021-11-30 13:35:25.090
963334,Turney ,+974,+97455441434,ulyanawentworth58@gmail.com,No,,N/A,MobileApp,2021-11-30 13:37:53.730
963335,Buddhi man Lohar,+974,+97474789818,buddhimanlohar3@gmail.com,No,,N/A,MobileApp,2021-11-30 13:38:40.857
963336,hanan,+974,+97455619713,hanan_aljumaily@yahoo.com,No,,N/A,MobileApp,2021-11-30 13:39:29.000
963337,Abigael,+974,+97433348017,abbyguintu1982@yahoo.com,No,,N/A,MobileApp,2021-11-30 13:41:38.197
67673,محمد عمر ,+974,+97455220298,mohammdomer022@gmail.com,No,1900-01-01 00:00:00.000,N/A,MobileApp,2014-11-25 10:02:42.857
83330,Joana Tahboub,+974,+97455514636,jtahboub1203@gmail.com,No,1900-01-01 00:00:00.000,N/A,MobileApp,2014-11-25 10:02:42.857
963338,Vignesh B,+974,+97433088794,vvignesh028@gmail.com,No,,N/A,MobileApp,2021-11-30 13:50:00.407
963339,Vignesh B,+974,+97470200157,vvignesh028@gmail.com,No,,N/A,MobileApp,2021-11-30 13:50:32.313
963340,Rihab Chabii,+974,+97433508020,,No,,N/A,MobileApp,2021-11-30 13:52:12.207
963341,Lihao,+974,+97455595412,"944967771@qq.com",Yes,,N/A,MobileApp,2021-11-30 13:55:08.453
963342,Jamal,+974,+97466121003,jamalanouar@gmail.com,No,,N/A,MobileApp,2021-11-30 13:56:31.797
963343,Needhu Dileep,+974,+97474757487,needhudileep@gmail.com,No,,N/A,MobileApp,2021-11-30 13:59:14.820
973345,Om Abdullah,+974,+97433421148,eesmialaaaaaa@gmail.com,No,,N/A,MobileApp,2021-11-30 14:11:09.653
973346,dana,+974,+97431499326,dx54476@gmail.com,No,,N/A,MobileApp,2021-11-30 14:12:55.190
973347,Noora,+974,+97470758278,,No,,N/A,mjallouli,2021-11-30 14:34:03.447
973348,Mohamad Zaabalawi ,+974,+97455958584,Zaabool666@gmail.com,No,,N/A,MobileApp,2021-11-30 14:37:36.897
973349,jessica,+974,+97433752015,jessicaabiyounes@gmail.com,No,,N/A,MobileApp,2021-11-30 14:45:07.013
973350,Hiram Mwangi,+974,+97433620183,wakibz2016@gmail.com,Yes,,N/A,MobileApp,2021-11-30 14:46:08.083
973351,Sri Vidya,+974,+97466238840,srivdyar@gmail.com,No,,N/A,MobileApp,2021-11-30 14:48:25.580
973352,Shahla Asfand,+974,+97450164166,shehla_tanveer@hotmail.com,No,,N/A,MobileApp,2021-11-30 14:50:33.140
973353,Anna,+974,+97455543177,arianna_stoica@yahoo.com,No,,N/A,MobileApp,2021-11-30 14:50:45.960
973354,RaghadYoussef,+974,+97455342498,raghadyousif@hotmail.com,No,,N/A,MobileApp,2021-11-30 14:55:22.617
973355,Charles Odegu,+974,+97470227456,diego.charles@ymail.com,No,,N/A,MobileApp,2021-11-30 14:55:40.733
973357,Thomas Sorensen ,+61,+61451132300,Tlovendahl18@gmail.com,Yes,,N/A,MobileApp,2021-11-30 14:58:45.987
973358,Atif,+974,+97455859913,ibhoo.2211@gmail.com,No,,N/A,MobileApp,2021-11-30 14:58:58.003
973361,اوس,+974,+97470363677,promise1980m@gmail.com,No,,N/A,MobileApp,2021-11-30 15:02:26.230
973364,Ali-Al-Ali,+974,+97450761176,alisabisdoha@gmail.com,No,,N/A,MobileApp,2021-11-30 15:11:36.903
973365,Rajalakshmi,+974,+97474705478,ramswetha14@gmail.com,No,,N/A,MobileApp,2021-11-30 15:15:56.483
973367,jay Kumar Oli,+974,+97450237450,jaykumaroli1234@gmail.com,Yes,,N/A,MobileApp,2021-11-30 15:19:49.980
973369,Vinnu,+974,+97430015958,vinnu.tv5555@gmail.com,No,,N/A,MobileApp,2021-11-30 15:21:31.740
973371,maha,+974,+97433336299,mxx21595@gmail.com,No,,N/A,MobileApp,2021-11-30 15:37:45.667
973372,عمرو,+974,+97455751063,amrt1985@gmail.com,No,,N/A,MobileApp,2021-11-30 15:38:13.650
973373,Subarna,+974,+97455488406,subarnasweet1996@gmail.com,No,,N/A,MobileApp,2021-11-30 15:38:21.017
973374,Nanor,+974,+97455594832,nanor_88@hotmail.com,Yes,,N/A,MobileApp,2021-11-30 15:38:24.130
1097485,Maha,+974,+97455097411,,No,,N/A,ABAmri,2022-10-17 10:32:28.473
1097486,Shouwqy Mohammad,+974,+97450289336,,No,,N/A,aabdulla,2022-10-17 10:32:55.657
1097487,Dean Joshy,+974,+97455113977,dean.joshy@gmail.com,No,,N/A,MobileApp,2022-10-17 10:33:56.313
1097488,farah,+974,+97433041289,farahemad024@gmail.com,No,,N/A,MobileApp,2022-10-17 10:40:17.900
1097489,charvie,+974,+97466894262,queenvie.cc@gmail.com,No,,N/A,MobileApp,2022-10-17 10:42:11.253
1097490,Zaiba MH ,+974,+97431335274,zaibazee555@gmail.com,No,,N/A,MobileApp,2022-10-17 10:42:13.977
1097491,Keshav Shrestha,+974,+97450223119,bless.stha@gmail.com,No,,N/A,MobileApp,2022-10-17 10:43:05.447
1097492,JINU RAJ.P PUSHPAN,+974,+97470287781,jinuraj.p@gmail.com,No,,N/A,MobileApp,2022-10-17 10:44:05.940
1097493,A K,+974,+97431657690,arunashokan1994@gmail.com,Yes,1994-10-01 00:00:00.000,N/A,MobileApp,2022-10-17 10:44:54.030
1097494,Fatima ,+974,+97433478794,,No,,N/A,aabdulla,2022-10-17 10:47:02.777
1097495,Francis Muema,+974,+97459927573,fmuema010@gmail.com,No,,N/A,MobileApp,2022-10-17 10:47:37.267
1097496,shifa,+974,+97470072560,shifamarjan3@gmail.com,Yes,,N/A,MobileApp,2022-10-17 10:50:20.200
1097497,Aiden Pereira,+974,+97474764645,pereiralive@gmail.com,No,,N/A,MobileApp,2022-10-17 10:52:41.510
1097498,Sibtain Anwar,+974,+97430756507,msanwar376@gmail.com,No,,N/A,MobileApp,2022-10-17 10:53:19.563
1097499,Aisha,+974,+97470026464,ssamirah099@gmail.com,No,,N/A,MobileApp,2022-10-17 10:59:22.293
1097500,Kashif Ali,+974,+97431562902,kashifalimard@gmail.com,No,,N/A,MobileApp,2022-10-17 11:00:28.983
1097501,Yaseen,+974,+97431344216,yasinsbh@gmail.com,No,,N/A,MobileApp,2022-10-17 11:03:20.697
1097502,Abbas Ali Warsi ,+974,+97466138932,abbaswarsi01@gmail.com,No,,N/A,MobileApp,2022-10-17 11:04:37.383
1097503,Mohamed,+974,+97477488255,nilu384@gmail.com,No,,N/A,MobileApp,2022-10-17 11:08:25.820
1097504,Aania Ahmed,+974,+97433156116,aaniaahmed76@gmail.com,No,,N/A,MobileApp,2022-10-17 11:11:04.640
1097505,ELISHA LEICA CALALANG,+974,+97466157548,elishacalalang@gmail.com,Yes,1989-08-03 00:00:00.000,Female,MobileApp,2022-10-17 11:11:14.507
1097506,Aswin ,+974,+97474049066,ngaswinkumar@gmail.com,Yes,,N/A,MobileApp,2022-10-17 11:17:56.647
1097507,Mihir,+974,+97433907826,mihir2799@gmail.com,No,,N/A,MobileApp,2022-10-17 11:19:37.770
1097508,John Kintu,+974,+97466475009,john.kintu81@gmail.com,No,,N/A,MobileApp,2022-10-17 11:21:26.513
1097509,Ahmed elwazer ,+974,+97430071127,ahmedelwazer11@yahoo.com,Yes,,N/A,MobileApp,2022-10-17 11:22:54.550
1097510,Rishadh,+974,+97450689637,rishardhm@gmail.com,Yes,,N/A,MobileApp,2022-10-17 11:23:17.987
1097511,Diana,+974,+97439961361,dbautistalabayo@gmail.com,Yes,,N/A,MobileApp,2022-10-17 11:24:55.047
1097512,Bilal ABOU KANJ,+974,+97455595306,Bilalaboukanj@hotmail.com,No,,N/A,MobileApp,2022-10-17 11:27:53.770
1097513,Risath,+974,+97466901379,risath7670@gmail.com,No,1991-04-14 00:00:00.000,Male,MobileApp,2022-10-17 11:29:58.543
1097514,Maria,+974,+97455950917,,No,,N/A,MobileApp,2022-10-17 11:31:54.767
1097515,Sharavanan Nagarajah,+974,+97439921782,sharavananqa@gmail.com,No,,N/A,MobileApp,2022-10-17 11:32:35.443
1097516,Mohan Chamlagain,+974,+97470172646,mohanchamlagain6@gmail.com,Yes,2000-01-24 00:00:00.000,Male,MobileApp,2022-10-17 11:37:14.453
1097517,Faizal Suffyan,+974,+97466450059,faizalsuffyan@gmail.com,No,,N/A,MobileApp,2022-10-17 11:37:23.100
1097518,Md Kamalhossain,+974,+97450696187,mdkamalhossain14doha@gmail.com,No,,N/A,MobileApp,2022-10-17 11:37:55.070
1097519,Kim,+974,+97466785102,kristofergamay@gmail.com,No,,N/A,MobileApp,2022-10-17 11:42:50.927
1097520,imraan,+974,+97450590400,mdibranmikrani786@gmail.com,No,,N/A,MobileApp,2022-10-17 11:45:14.140
1097521,gareth,+974,+97450393052,garethlloydlewis@gmail.com,No,,N/A,MobileApp,2022-10-17 11:46:07.447
1097522,Sahadat Shekh,+974,+97466497881,shekhsahadat82@gmail.com,No,,N/A,MobileApp,2022-10-17 11:46:28.773
1097523,Vergenia ,+974,+97455848755,Vezekiel350@Gmail.com,Yes,,N/A,MobileApp,2022-10-17 11:47:54.243
1097524,Yassir,+974,+97455207407,yamo97f@gmail.com,No,,N/A,MobileApp,2022-10-17 11:48:51.917
1097525,Zain Khan,+974,+97431411906,,No,,N/A,MobileApp,2022-10-17 11:49:56.733
1097526,jamsheer,+974,+97477157915,jamsheer.jamsheer.engoli7@gmail.com,No,,N/A,MobileApp,2022-10-17 11:50:13.727
1097527,fatima ,+974,+97470440217,,No,,Female,nabdelrahman,2022-10-17 11:53:15.953
1097528,Vineet Rajendrakumar Patel,+974,+97450023049,jeckreacher007@gmail.com,Yes,,N/A,MobileApp,2022-10-17 11:55:42.260
1097529,Sahadat Shekh,+974,+97430078910,shekhsahadat82@gmail.com,No,,N/A,MobileApp,2022-10-17 11:56:31.807
1097530,Seif,+974,+97433209551,Seifbentaleb4@gmail.com,No,,N/A,MobileApp,2022-10-17 11:56:53.097
1097531,Diwas ,+974,+97431176962,diwaskunwar4@gmail.com,No,,N/A,MobileApp,2022-10-17 11:59:34.150
1097532,jamsheed ali,+974,+97459934875,,No,,N/A,MobileApp,2022-10-17 11:59:51.747
1097533,jinish,+974,+97466523997,aruljinish1994@gmail.com,No,,N/A,MobileApp,2022-10-17 12:01:00.070
1097534,Hanaa,+974,+97450941797,,No,,Female,mjallouli,2022-10-17 12:01:22.793
1097535,Shamser,+974,+97466317916,shamseerp9999@gmail.com,No,,N/A,MobileApp,2022-10-17 12:02:41.283
1097536,Samar,+974,+97455694105,sinaty@asd.edu.qa,No,,N/A,MobileApp,2022-10-17 12:02:56.083
1097537,younus abdurahiman,+974,+97431347580,younusabdurahiman@gmail.com,No,,N/A,MobileApp,2022-10-17 12:04:44.033
1097538,Abdallah,+974,+97466990007,,No,,Male,mjallouli,2022-10-17 12:07:19.590
1097539,Sam,+974,+97466955219,ansariansari.tta@gmail.com,No,,N/A,MobileApp,2022-10-17 12:13:45.907
1097540,Muhammad Asif ,+974,+97470962764,masifok3@gmail.com,No,,N/A,MobileApp,2022-10-17 12:16:09.107
1097541,Imran,+974,+97474436771,laimsha1030@gmail.com,Yes,,N/A,MobileApp,2022-10-17 12:20:43.493
1097542,Angie,+974,+97430357719,pedangielou@gmail.com,Yes,,N/A,MobileApp,2022-10-17 12:21:13.853
1097543,Cheryll,+974,+97477650903,che_cba@yahoo.com,Yes,,N/A,MobileApp,2022-10-17 12:22:06.547
1097544,Phenny Akinyi,+974,+97433597946,phennyakinyi01@gmail.com,No,,N/A,MobileApp,2022-10-17 12:22:56.403
1097545,Susmita Roy ,+974,+97433596233,susmitaroy611@gmail.com,No,,N/A,MobileApp,2022-10-17 12:26:24.360
1097546,Vivek kumar,+974,+97459982154,Vivek.2020.kumarr@gmail.com,Yes,,N/A,MobileApp,2022-10-17 12:28:09.967
1097547,Fernando ,+974,+97455294609,,No,,N/A,MobileApp,2022-10-17 12:28:56.547
1097548,Md Ajmal Ansari,+974,+97431612439,ajmalksab62@gmail.com,No,,N/A,MobileApp,2022-10-17 12:29:35.507
1097549,Zakir Hossain,+974,+97466610876,zh713556@gmail.com,Yes,,N/A,MobileApp,2022-10-17 12:31:27.523
1097550,تميم,+974,+97470799266,i.8v@hotmail.com,No,,N/A,MobileApp,2022-10-17 12:36:06.750
1097551,George ,+974,+97455245716,wagumaosodo@gmail.com,No,,N/A,MobileApp,2022-10-17 12:36:33.067
1097552,Samra Abbasi,+974,+97466574515,sam2832002@yahoo.co.in,No,,N/A,MobileApp,2022-10-17 12:37:05.863
1097553,reem,+974,+97466417444,reem20barek@gmail.com,No,,N/A,MobileApp,2022-10-17 12:37:11.093
1097554,Ismail Khan,+974,+97431380993,ismailkhannua@gmail.com,Yes,,N/A,MobileApp,2022-10-17 12:37:24.083
1097555,Abdul jaleel,+974,+97470913604,,No,,N/A,MobileApp,2022-10-17 12:40:03.647
1097556,junaid khan,+974,+97430558578,jkkhan1986@gmail.com,No,1985-07-10 00:00:00.000,Male,MobileApp,2022-10-17 12:41:28.620
1097557,Zahid Shah,+974,+97433920024,zahidshahskt01@gmail.com,Yes,,N/A,MobileApp,2022-10-17 12:45:09.883
1097558,Mikee Basil,+974,+97430014546,myc.angel23@gmail.com,No,,N/A,MobileApp,2022-10-17 12:48:41.687
1097559,Agnes,+974,+97433908257,Agneswaruguru18@gmail.com,No,,N/A,MobileApp,2022-10-17 12:52:10.160
1097560,S H Saddam Hossain,+974,+97459924676,sh.saddamhossain707@gmail.com,Yes,,N/A,MobileApp,2022-10-17 12:52:14.050
1097561,saddam Siddique,+974,+97450765876,bhaisaddamguru@gmail.com,No,,N/A,MobileApp,2022-10-17 12:54:48.027
1097562,Mansi Shirodkar,+974,+97470800729,mansi.shir@gmail.com,No,,N/A,MobileApp,2022-10-17 12:55:32.873
1097563,Sajir ,+974,+97474407176,mdsajirckp@gmail.com,No,,N/A,MobileApp,2022-10-17 12:58:11.007
1097564,zahir islam,+974,+97455724408,tasintahosan2@gmail.com,No,,N/A,MobileApp,2022-10-17 13:00:34.273
1097565,ALTAPH MANSUR,+974,+97477646102,altaphmansur@gmail.com,No,,N/A,MobileApp,2022-10-17 13:01:00.097
1097566,Rajan Khadka,+974,+97433283503,khadkarajan80@yahoo.com,No,,N/A,MobileApp,2022-10-17 13:05:17.817
1097567,Rishan,+974,+97466642641,,No,,N/A,ABAmri,2022-10-17 13:06:36.063
1097568,Subair Kodumunda,+974,+97477009301,,No,,N/A,MobileApp,2022-10-17 13:07:46.603
1097569,jaber,+974,+97466665880,jaberlajda@gmail.com,No,,N/A,MobileApp,2022-10-17 13:09:36.227
1097570,laura,+974,+97430112970,laauuraa.2@hotmail.com,No,,N/A,MobileApp,2022-10-17 13:12:40.560
1097571,Izz,+974,+97450987459,iz.suleiman@gmail.com,Yes,,N/A,MobileApp,2022-10-17 13:13:03.433
1097572,MOHAMMED DOKA,+974,+97430222873,mohammeddoka1@gmail.com,Yes,,N/A,MobileApp,2022-10-17 13:16:13.717
1097573,Emmanuel Kweku Acheampong ,+974,+97455320370,youngwasty154@gmail.com,Yes,,N/A,MobileApp,2022-10-17 13:16:44.523
1097574,Lal,+974,+97433013565,mchandralal22@gmail.com,Yes,1967-09-22 00:00:00.000,Male,MobileApp,2022-10-17 13:17:45.843
1097575,nisar ahmed,+974,+97466482161,nisarahmed573@yahoo.com,No,,N/A,MobileApp,2022-10-17 13:18:04.300
1097576,Qasim Ansari,+974,+97431166718,,No,,N/A,MobileApp,2022-10-17 13:20:52.813
1097577,jerick dela rama,+974,+97433102657,jerickmdelarama@gmail.com,No,,N/A,MobileApp,2022-10-17 13:22:58.983
1097578,Muhammedali,+974,+97450703571,mdalivpm@gmail.com,No,,N/A,MobileApp,2022-10-17 13:23:37.760
1097579,Niamat Ali,+974,+97477958774,niamat776@gmail.com,No,,N/A,MobileApp,2022-10-17 13:26:04.053
1097580,Hama Bouazizi,+974,+97455347965,hamawalker53@gmail.com,No,,N/A,MobileApp,2022-10-17 13:28:00.803
1097581,Ramees,+974,+97477513268,rameesaboobacker4@gmail.com,No,,N/A,MobileApp,2022-10-17 13:29:29.500
1097582,Noufal Noufal,+974,+97470127162,noufalnoufal520@gmail.com,No,,N/A,MobileApp,2022-10-17 13:33:39.680
1097583,Ramees,+974,+97466506169,awm.ramees88@gmail.com,No,,N/A,MobileApp,2022-10-17 13:34:01.223
1097584,Dajan,+974,+97477866192,Dayanrosacondorilatorre@gmail.com,No,,N/A,MobileApp,2022-10-17 13:35:47.040
1097585,Mingmar Sherpa,+974,+97430077519,spiderstyle49@gmail.com,No,,N/A,MobileApp,2022-10-17 13:38:24.553
1097586,Brian,+974,+97455732593,brianorina64@gmail.com,No,,N/A,MobileApp,2022-10-17 13:39:40.420
1097587,Ali,+974,+97439990887,a81f85@gmail.com,No,,N/A,MobileApp,2022-10-17 13:39:48.057
1097588,shadab,+974,+97470848088,shadabmehdi2@gmail.com,No,,N/A,MobileApp,2022-10-17 13:41:52.437
1097589,Milan rawat,+974,+97470348298,dilrawat669@gmail.com,No,,N/A,MobileApp,2022-10-17 13:45:32.720
1097590,Thahsin Pareeth ,+974,+97433694476,thahsinkb@gmail.com,Yes,1991-01-05 00:00:00.000,Male,MobileApp,2022-10-17 13:48:18.760
1097591,Dawser ,+974,+97430373132,dawsar.ob@gmail.com,No,,N/A,MobileApp,2022-10-17 13:50:13.010
1097592,عاضد المنصوري,+974,+97455858990,,No,,N/A,MobileApp,2022-10-17 13:51:30.743
1097593,Mohamed Chaouki Mekriche,+974,+97474715257,mek.qatar@outlook.fr,Yes,,N/A,MobileApp,2022-10-17 13:52:51.020
1097594,Ibrahim Haroon,+974,+97430187046,khumbayee@gmail.com,No,,N/A,MobileApp,2022-10-17 13:54:18.663
1097595,Siyad T,+974,+97474044394,siyadt349@gmail.com,No,,N/A,MobileApp,2022-10-17 13:54:26.023
1097596,Rafi,+974,+97431430826,rafimmohammed12345@gmail.com,No,,N/A,MobileApp,2022-10-17 13:54:34.333
824243,Jew,+974,+97455158631,rhish_05@yahoo.com,No,,N/A,MobileApp,2020-06-10 09:08:44.530
824244,Nithal Nizar,+974,+97450800063,nithalnizar@gmail.com,No,,N/A,MobileApp,2020-06-10 09:30:10.610
824245,Nisar,+974,+97455038702,sha998@gmail.com,No,,N/A,MobileApp,2020-06-10 09:38:07.303
824247,Khaqan Haider,+974,+97455378027,haider@albaidagroup.com,No,,N/A,MobileApp,2020-06-10 09:42:20.720
824249,Jha,+974,+97433809368,platajanice6@gmail.com,No,,N/A,MobileApp,2020-06-10 09:55:01.187
824250,Joy,+974,+97433140208,,No,,N/A,agzaied,2020-06-10 10:17:30.660
824251,jONATHAN,+974,+97466655075,,No,,N/A,agzaied,2020-06-10 10:31:57.477
824252,Rose G,+974,+97466621648,Mygodlikesme@gmail.com,No,,N/A,MobileApp,2020-06-10 10:32:53.967
824253,SHAMEER,+974,+97450409639,shameerb430@gmail.com,No,,N/A,MobileApp,2020-06-10 10:41:59.347
824254,ahmed roshdi mohamed ,+974,+97466257432,,No,,N/A,nabdelrahman,2020-06-10 10:44:27.737
824255,Anand Krishna kumar ,+974,+97433494086,anandkkumar83@gmail.com,Yes,,N/A,MobileApp,2020-06-10 10:47:19.423
824256,Ashraf,+974,+97433575128,ashrafalahmedi33@gmail.com,Yes,,N/A,MobileApp,2020-06-10 10:49:07.590
824257,Glennjoy Carmeilove Navidad,+974,+97455920065,glennjoycarmeilovenavidad@yahoo.com,Yes,,N/A,MobileApp,2020-06-10 10:50:45.140
824258,Mr Deep,+974,+97455200398,morgengcc.qa@gmail.com,No,,N/A,MobileApp,2020-06-10 10:53:10.767
824259,ashraf ,+974,+97466962177,,No,,N/A,nabdelrahman,2020-06-10 11:01:54.980
824260,Riyasat Hussain ,+974,+97474059808,riyasat.hussain79@gmail.com,Yes,,N/A,MobileApp,2020-06-10 11:17:40.313
824261,Manikandan Murugan,+974,+97431167756,mani.murulak@gmail.com,Yes,,Male,MobileApp,2020-06-10 11:18:46.933
824262,Vanessa Gasang,+974,+97433485882,gasang.vanessa@gmail.com,Yes,,N/A,MobileApp,2020-06-10 11:23:33.440
824263,Rizza,+974,+97433960997,rhizavecida@gmail.com,Yes,,N/A,MobileApp,2020-06-10 11:26:44.953
824264,Ismail Meeran,+974,+97477652128,ismailmatharsha@gmail.com,No,,N/A,MobileApp,2020-06-10 11:31:19.497
824265,Khouloud Mallessi,+974,+97433940135,khouloudmallessi.37@gmail.com,No,,N/A,MobileApp,2020-06-10 11:35:36.037
824266,Coie gualin,+974,+97433913685,cokecoy_69@yahoo.com,Yes,,N/A,MobileApp,2020-06-10 11:38:24.200
824267,Nirmal Shankar,+974,+97430016684,nirmal.shankar07@gmail.com,No,,N/A,MobileApp,2020-06-10 11:44:46.110
824268,Teme,+974,+97470944343,temuman1992@gmail.com,No,,N/A,MobileApp,2020-06-10 11:55:12.883
824269,Bahaa,+974,+97450616290,,No,,N/A,MobileApp,2020-06-10 12:19:24.860
824270,Rej,+974,+97477660196,,No,,N/A,MobileApp,2020-06-10 12:26:54.963
824271,ahmed mansour,+974,+97470763111,ahmedshendi17@gmail.com,No,,N/A,MobileApp,2020-06-10 13:04:53.267
824272,rayaleen ,+974,+97433158133,,No,,N/A,nabdelrahman,2020-06-10 13:13:05.447
824273,Anurag Sharma,+974,+97477723159,sanurag003@gmail.com,No,,N/A,MobileApp,2020-06-10 13:15:19.530
824274,Nabin,+974,+97430991900,dahalnaveen6@gmail.com,No,,N/A,MobileApp,2020-06-10 13:17:37.110
824275,Sumia ,+974,+97466067680,sumianm898@gmail.com,No,,N/A,MobileApp,2020-06-10 13:20:58.073
429730,Ali Hamad Alshahwani,+974,+97430000085,box6565@hotmail.com,No,,N/A,MobileApp,2016-06-05 09:53:59.157
241827,Mohamed,+974,+97430000130,maldhahi9@gmail.com,Yes,1900-01-01 00:00:00.000,N/A,MobileApp,2016-02-02 09:22:06.383
229977,Hamad abdulwahab Ahmed,+974,+97430000134,itshmdqa@gmail.com,No,1900-01-01 00:00:00.000,N/A,MobileApp,2015-12-21 00:59:55.643
239758,abdulla,+974,+97430000175,sara7701118@gmail.com,Yes,1900-01-01 00:00:00.000,N/A,MobileApp,2016-01-27 00:04:23.890
425368,Ghada Mohamed,+974,+97430000222,ghadamadien6@gmail.com,Yes,,N/A,MobileApp,2016-05-25 16:39:07.010
435468,Ali Al-Khelaifi,+974,+97430000254,ali.alkhelaifi@gmail.com,No,,N/A,MobileApp,2016-06-20 11:51:32.207
231760,Mohammed AlOwairi,+974,+97430000359,al3need100001@yahoo.com,No,1900-01-01 00:00:00.000,N/A,MobileApp,2015-12-29 10:57:57.547
460967,Mohmmed Alkaabi,+974,+97430000372,mhr580@hotmail.com,No,,Male,MobileApp,2016-09-03 16:56:08.197
414333,Mohammes,+974,+97430000374,qte.1@putlook.com,Yes,,N/A,MobileApp,2016-04-24 22:25:39.840
455200,EBRAHIM,+974,+97430000386,qert787@hotmail.com,No,,N/A,MobileApp,2016-08-18 02:16:28.733
405597,Saeed Ali Aladhbi,+974,+97430000429,aladhbi81@gmail.com,No,,Male,MobileApp,2016-03-27 13:42:43.237
413237,Mehdi,+974,+97430002494,ben.maaouiamehdi@live.fr,No,,N/A,MobileApp,2016-04-21 13:18:43.587
225995,Walid,+974,+97430002496,walid_helali@hotmail.fr,Yes,1900-01-01 00:00:00.000,Male,MobileApp,2015-11-29 19:39:11.037
495586,Ibrahim Hassan,+974,+97430002506,ibrahimas288@yahoo.com,Yes,,N/A,MobileApp,2016-12-04 14:16:00.407
449473,hussain Mohamed,+974,+97430002553,hussain99m21@gmail.com,No,,N/A,MobileApp,2016-07-30 14:50:26.100
462115,Abdullrahman,+974,+97430002575,a_sob13@hotmail.com,No,,N/A,MobileApp,2016-09-06 09:48:14.887
442944,Murtada,+974,+97430002593,almurtada2002@hotmail.com,No,,N/A,MobileApp,2016-07-08 21:38:31.447
231679,Mohamed Tawfik,+974,+97430002615,m.tawfik.ali@hotmail.com,No,1900-01-01 00:00:00.000,N/A,MobileApp,2015-12-28 22:34:12.693
412122,Mahmoud Almasri,+974,+97430002683,mahmoud.m@emc.com.jo,No,,N/A,MobileApp,2016-04-17 18:13:36.147
417751,Kit Del Rosario,+974,+97430002819,kitdr29@gmail.com,Yes,,N/A,MobileApp,2016-08-31 21:28:43.923
226576,Hussain Alsooj,+974,+97430002878,a_a_2010@hotmail.com,No,1900-01-01 00:00:00.000,N/A,MobileApp,2015-12-03 12:32:53.130
